action_from,action_to,count
abstracting,noticing,412
abstracting,pattern_recognition,55
abstracting,analyzing,84
convergent_thinking,noticing,470
convergent_thinking,pattern_recognition,87
convergent_thinking,analyzing,102
evaluating,noticing,634
evaluating,pattern_recognition,114
evaluating,analyzing,137
noticing,noticing,1915
noticing,pattern_recognition,300
noticing,analyzing,336
self_questioning,noticing,1313
self_questioning,pattern_recognition,188
self_questioning,analyzing,193
remembering,noticing,249
remembering,analyzing,46
remembering,evaluating,88
noticing,abstracting,438
noticing,evaluating,642
noticing,emotional_reappraisal,173
noticing,emotion_understanding,621
noticing,reframing,970
analyzing,abstracting,81
analyzing,evaluating,150
analyzing,emotional_reappraisal,28
analyzing,noticing,334
analyzing,emotion_understanding,120
analyzing,reframing,161
evaluating,abstracting,134
evaluating,evaluating,330
evaluating,emotional_reappraisal,48
evaluating,emotion_understanding,239
evaluating,reframing,376
abstracting,reframing,216
abstracting,applying,16
abstracting,metacognitive_regulation,10
abstracting,emotion_management,16
evaluating,applying,25
evaluating,metacognitive_regulation,14
evaluating,emotion_management,22
emotional_reappraisal,reframing,92
emotional_reappraisal,applying,10
emotional_reappraisal,metacognitive_regulation,2
emotional_reappraisal,emotion_management,10
noticing,applying,82
noticing,metacognitive_regulation,24
noticing,emotion_management,67
emotion_understanding,reframing,345
emotion_understanding,applying,27
emotion_understanding,metacognitive_regulation,12
emotion_understanding,emotion_management,25
reframing,reframing,599
reframing,applying,35
reframing,metacognitive_regulation,16
reframing,emotion_management,43
reframing,questioning,418
reframing,cognition_awareness,152
reframing,self_questioning,741
reframing,response_modulation,603
reframing,noticing,990
reframing,remembering,111
applying,questioning,30
applying,cognition_awareness,16
applying,self_questioning,52
applying,response_modulation,59
applying,noticing,86
applying,remembering,5
applying,reframing,43
metacognitive_regulation,questioning,13
metacognitive_regulation,cognition_awareness,5
metacognitive_regulation,self_questioning,21
metacognitive_regulation,response_modulation,24
metacognitive_regulation,noticing,30
metacognitive_regulation,remembering,4
metacognitive_regulation,reframing,20
emotion_management,questioning,24
emotion_management,cognition_awareness,9
emotion_management,self_questioning,60
emotion_management,response_modulation,43
emotion_management,noticing,53
emotion_management,remembering,8
emotion_management,reframing,37
questioning,pattern_recognition,124
questioning,analyzing,136
questioning,situation_selection,42
cognition_awareness,pattern_recognition,60
cognition_awareness,analyzing,60
cognition_awareness,situation_selection,18
self_questioning,situation_selection,78
response_modulation,pattern_recognition,175
response_modulation,analyzing,180
response_modulation,situation_selection,62
noticing,situation_selection,111
remembering,pattern_recognition,41
remembering,situation_selection,23
reframing,pattern_recognition,131
reframing,analyzing,166
reframing,situation_selection,78
abstracting,evaluating,162
abstracting,emotion_receiving,25
abstracting,questioning,155
abstracting,self_questioning,277
analyzing,emotion_receiving,14
analyzing,questioning,136
analyzing,self_questioning,213
analogical_thinking,reframing,347
analogical_thinking,evaluating,212
analogical_thinking,emotion_receiving,37
analogical_thinking,noticing,710
analogical_thinking,questioning,254
analogical_thinking,self_questioning,512
cognition_awareness,reframing,134
cognition_awareness,evaluating,107
cognition_awareness,emotion_receiving,21
cognition_awareness,noticing,273
cognition_awareness,questioning,129
cognition_awareness,self_questioning,163
emotion_understanding,evaluating,225
emotion_understanding,emotion_receiving,26
emotion_understanding,noticing,634
emotion_understanding,questioning,201
emotion_understanding,self_questioning,445
evaluating,emotion_receiving,32
evaluating,questioning,307
evaluating,self_questioning,487
distinguishing,reframing,220
distinguishing,evaluating,140
distinguishing,emotion_receiving,23
distinguishing,noticing,426
distinguishing,questioning,140
distinguishing,self_questioning,281
emotion_perception,reframing,128
emotion_perception,evaluating,101
emotion_perception,emotion_receiving,9
emotion_perception,noticing,199
emotion_perception,questioning,85
emotion_perception,self_questioning,160
noticing,emotion_receiving,68
noticing,questioning,664
noticing,self_questioning,1281
reframing,counterfactual_reasoning,205
evaluating,response_modulation,398
evaluating,counterfactual_reasoning,153
emotion_receiving,noticing,72
emotion_receiving,response_modulation,36
emotion_receiving,self_questioning,57
emotion_receiving,questioning,43
emotion_receiving,counterfactual_reasoning,20
noticing,response_modulation,1026
noticing,counterfactual_reasoning,367
questioning,noticing,650
questioning,response_modulation,400
questioning,self_questioning,469
questioning,questioning,287
questioning,counterfactual_reasoning,183
self_questioning,response_modulation,784
self_questioning,self_questioning,972
self_questioning,questioning,499
self_questioning,counterfactual_reasoning,260
noticing,emotion_responding,401
noticing,cognition_awareness,277
noticing,emotion_perception,172
response_modulation,questioning,369
response_modulation,emotion_responding,240
response_modulation,reframing,645
response_modulation,noticing,1077
response_modulation,self_questioning,823
response_modulation,cognition_awareness,159
response_modulation,emotion_perception,113
self_questioning,emotion_responding,298
self_questioning,reframing,735
self_questioning,cognition_awareness,200
self_questioning,emotion_perception,153
questioning,emotion_responding,157
questioning,reframing,401
questioning,cognition_awareness,113
questioning,emotion_perception,77
counterfactual_reasoning,questioning,168
counterfactual_reasoning,emotion_responding,98
counterfactual_reasoning,reframing,204
counterfactual_reasoning,noticing,372
counterfactual_reasoning,self_questioning,284
counterfactual_reasoning,cognition_awareness,70
counterfactual_reasoning,emotion_perception,41
questioning,divergent_thinking,187
emotion_responding,divergent_thinking,115
emotion_responding,noticing,425
emotion_responding,reframing,247
emotion_responding,self_questioning,313
emotion_responding,counterfactual_reasoning,92
reframing,divergent_thinking,280
noticing,divergent_thinking,477
self_questioning,divergent_thinking,334
cognition_awareness,divergent_thinking,90
cognition_awareness,counterfactual_reasoning,56
emotion_perception,divergent_thinking,48
emotion_perception,counterfactual_reasoning,35
divergent_thinking,noticing,485
divergent_thinking,distinguishing,134
divergent_thinking,remembering,52
divergent_thinking,pattern_recognition,73
divergent_thinking,analyzing,83
noticing,distinguishing,452
noticing,remembering,249
reframing,distinguishing,225
self_questioning,distinguishing,276
self_questioning,remembering,155
counterfactual_reasoning,distinguishing,96
counterfactual_reasoning,remembering,45
counterfactual_reasoning,pattern_recognition,67
counterfactual_reasoning,analyzing,76
remembering,self_questioning,172
remembering,reframing,116
remembering,questioning,98
pattern_recognition,noticing,285
pattern_recognition,evaluating,116
pattern_recognition,self_questioning,202
pattern_recognition,reframing,152
pattern_recognition,questioning,113
noticing,hypothesis_generation,405
evaluating,cognition_awareness,106
evaluating,hypothesis_generation,141
self_questioning,hypothesis_generation,251
reframing,hypothesis_generation,158
questioning,hypothesis_generation,198
questioning,reconsidering,153
cognition_awareness,reconsidering,51
hypothesis_generation,situation_selection,28
hypothesis_generation,reconsidering,69
situation_selection,self_questioning,91
situation_selection,metacognitive_monitoring,19
situation_selection,response_modulation,79
reconsidering,self_questioning,173
reconsidering,metacognitive_monitoring,28
reconsidering,response_modulation,174
self_questioning,metacognitive_monitoring,99
metacognitive_monitoring,distinguishing,31
metacognitive_monitoring,metacognitive_monitoring,27
metacognitive_monitoring,remembering,20
metacognitive_monitoring,emotion_perception,16
metacognitive_monitoring,self_questioning,107
response_modulation,distinguishing,241
response_modulation,metacognitive_monitoring,105
response_modulation,remembering,131
distinguishing,metacognitive_monitoring,42
distinguishing,emotion_perception,46
metacognitive_monitoring,noticing,131
metacognitive_monitoring,evaluating,90
remembering,metacognitive_monitoring,19
remembering,emotion_perception,37
emotion_perception,metacognitive_monitoring,24
emotion_perception,emotion_perception,39
self_questioning,evaluating,468
evaluating,distinguishing,143
metacognitive_monitoring,reframing,81
emotion_perception,distinguishing,39
self_questioning,reconsidering,174
distinguishing,hypothesis_generation,87
distinguishing,reconsidering,58
noticing,reconsidering,249
reframing,reconsidering,114
hypothesis_generation,self_questioning,269
hypothesis_generation,hypothesis_generation,133
hypothesis_generation,evaluating,149
reconsidering,hypothesis_generation,59
reconsidering,evaluating,102
self_questioning,emotion_valuing,126
self_questioning,understanding,379
hypothesis_generation,questioning,203
hypothesis_generation,emotion_valuing,47
hypothesis_generation,understanding,115
hypothesis_generation,reframing,191
evaluating,emotion_valuing,90
evaluating,understanding,197
evaluating,reconsidering,104
questioning,evaluating,313
questioning,understanding,209
emotion_valuing,evaluating,81
emotion_valuing,reframing,79
emotion_valuing,understanding,63
emotion_valuing,response_modulation,80
emotion_valuing,counterfactual_reasoning,37
emotion_valuing,reconsidering,42
emotion_valuing,self_questioning,115
hypothesis_generation,response_modulation,221
hypothesis_generation,counterfactual_reasoning,103
understanding,evaluating,194
understanding,reframing,297
understanding,understanding,197
understanding,response_modulation,307
understanding,counterfactual_reasoning,127
understanding,reconsidering,79
understanding,self_questioning,396
reconsidering,reframing,136
reconsidering,understanding,78
reconsidering,counterfactual_reasoning,83
reconsidering,reconsidering,48
reframing,evaluating,367
reframing,understanding,250
understanding,pattern_recognition,78
understanding,analyzing,114
understanding,noticing,535
understanding,distinguishing,100
reconsidering,pattern_recognition,40
reconsidering,analyzing,59
reconsidering,noticing,255
reconsidering,distinguishing,77
pattern_recognition,emotion_perception,27
pattern_recognition,hypothesis_generation,62
pattern_recognition,remembering,45
pattern_recognition,emotion_responding,72
analyzing,emotion_perception,48
analyzing,hypothesis_generation,76
analyzing,remembering,60
analyzing,emotion_responding,74
distinguishing,remembering,55
distinguishing,emotion_responding,91
noticing,concretizing,51
noticing,convergent_thinking,447
emotion_perception,concretizing,11
emotion_perception,convergent_thinking,60
hypothesis_generation,divergent_thinking,133
hypothesis_generation,concretizing,26
hypothesis_generation,convergent_thinking,134
remembering,divergent_thinking,44
remembering,concretizing,6
remembering,convergent_thinking,59
emotion_responding,questioning,158
emotion_responding,concretizing,14
emotion_responding,convergent_thinking,124
divergent_thinking,convergent_thinking,156
divergent_thinking,reconsidering,96
divergent_thinking,response_modulation,296
divergent_thinking,evaluating,181
questioning,convergent_thinking,189
self_questioning,convergent_thinking,359
concretizing,convergent_thinking,21
concretizing,reconsidering,12
concretizing,response_modulation,39
concretizing,evaluating,21
convergent_thinking,convergent_thinking,221
convergent_thinking,reconsidering,87
convergent_thinking,response_modulation,341
convergent_thinking,evaluating,228
convergent_thinking,emotion_perception,51
convergent_thinking,metacognitive_monitoring,40
reconsidering,emotion_perception,47
response_modulation,evaluating,433
response_modulation,response_modulation,753
evaluating,emotion_perception,94
evaluating,metacognitive_monitoring,82
evaluating,analogical_thinking,229
emotion_perception,abstracting,33
emotion_perception,emotion_valuing,24
emotion_perception,analogical_thinking,81
emotion_perception,emotion_understanding,60
metacognitive_monitoring,abstracting,26
metacognitive_monitoring,emotion_valuing,19
metacognitive_monitoring,analogical_thinking,66
metacognitive_monitoring,emotion_understanding,42
response_modulation,abstracting,218
response_modulation,emotion_valuing,70
response_modulation,analogical_thinking,390
response_modulation,emotion_understanding,382
abstracting,emotion_valuing,54
abstracting,analogical_thinking,172
abstracting,abstracting,125
emotion_valuing,questioning,79
emotion_valuing,emotion_valuing,52
emotion_valuing,analogical_thinking,68
emotion_valuing,abstracting,36
analogical_thinking,emotion_valuing,69
analogical_thinking,analogical_thinking,349
analogical_thinking,abstracting,157
self_questioning,analogical_thinking,491
self_questioning,abstracting,284
emotion_understanding,emotion_valuing,61
emotion_understanding,analogical_thinking,218
emotion_understanding,abstracting,150
metacognitive_monitoring,questioning,54
reframing,emotion_valuing,92
reframing,analogical_thinking,346
reframing,abstracting,233
questioning,analogical_thinking,279
analogical_thinking,response_modulation,394
analogical_thinking,reconsidering,90
analogical_thinking,understanding,208
abstracting,response_modulation,202
abstracting,reconsidering,85
abstracting,understanding,134
analogical_thinking,creating,10
analogical_thinking,convergent_thinking,177
analogical_thinking,distinguishing,186
response_modulation,creating,22
response_modulation,convergent_thinking,321
self_questioning,creating,24
reconsidering,creating,8
reconsidering,convergent_thinking,87
understanding,creating,13
understanding,convergent_thinking,142
creating,reframing,21
convergent_thinking,reframing,296
reframing,situation_modification,14
situation_modification,creating,2
situation_modification,response_modulation,22
situation_modification,emotion_management,4
situation_modification,divergent_thinking,8
situation_modification,emotion_characterizing,1
situation_modification,emotional_reappraisal,3
situation_modification,hypothesis_generation,10
situation_modification,emotion_facilitation,3
situation_modification,situation_modification,1
situation_modification,situation_selection,4
reframing,creating,22
reframing,emotion_characterizing,52
reframing,emotional_reappraisal,96
reframing,emotion_facilitation,18
response_modulation,emotion_management,37
response_modulation,divergent_thinking,277
response_modulation,emotion_characterizing,51
response_modulation,emotional_reappraisal,99
response_modulation,hypothesis_generation,211
response_modulation,emotion_facilitation,28
response_modulation,situation_modification,17
counterfactual_reasoning,creating,12
counterfactual_reasoning,response_modulation,243
counterfactual_reasoning,emotion_management,10
counterfactual_reasoning,divergent_thinking,112
counterfactual_reasoning,emotion_characterizing,16
counterfactual_reasoning,emotional_reappraisal,38
counterfactual_reasoning,hypothesis_generation,119
counterfactual_reasoning,emotion_facilitation,9
counterfactual_reasoning,situation_modification,7
counterfactual_reasoning,situation_selection,27
creating,self_questioning,23
divergent_thinking,self_questioning,369
emotion_characterizing,self_questioning,53
emotional_reappraisal,self_questioning,122
emotion_facilitation,self_questioning,25
situation_modification,self_questioning,17
hypothesis_generation,noticing,367
reframing,emotion_perception,118
cognition_awareness,response_modulation,185
pattern_recognition,response_modulation,173
emotion_perception,response_modulation,115
self_questioning,emotion_understanding,456
noticing,understanding,517
analyzing,understanding,82
analyzing,counterfactual_reasoning,67
understanding,remembering,61
remembering,emotion_understanding,67
emotion_understanding,divergent_thinking,162
emotion_understanding,response_modulation,349
emotion_understanding,analyzing,114
emotion_understanding,pattern_recognition,87
emotion_understanding,situation_selection,42
self_questioning,metacognitive_regulation,15
self_questioning,emotion_management,41
divergent_thinking,questioning,173
divergent_thinking,hypothesis_generation,115
divergent_thinking,reframing,291
divergent_thinking,understanding,136
metacognitive_regulation,hypothesis_generation,6
metacognitive_regulation,understanding,11
response_modulation,understanding,299
analyzing,response_modulation,192
pattern_recognition,understanding,86
situation_selection,questioning,49
situation_selection,noticing,112
situation_selection,hypothesis_generation,40
situation_selection,reframing,84
situation_selection,understanding,29
emotion_management,hypothesis_generation,15
emotion_management,understanding,15
questioning,distinguishing,147
questioning,abstracting,127
hypothesis_generation,emotion_perception,63
hypothesis_generation,distinguishing,91
hypothesis_generation,abstracting,80
understanding,emotion_perception,69
understanding,questioning,209
understanding,abstracting,123
analyzing,metacognitive_monitoring,35
analyzing,reconsidering,71
remembering,reconsidering,36
noticing,metacognitive_monitoring,131
cognition_awareness,metacognitive_monitoring,27
understanding,metacognitive_monitoring,47
analyzing,pattern_recognition,76
noticing,analogical_thinking,711
questioning,emotional_reappraisal,55
questioning,metacognitive_monitoring,56
pattern_recognition,distinguishing,74
pattern_recognition,emotional_reappraisal,27
pattern_recognition,analyzing,52
pattern_recognition,analogical_thinking,103
pattern_recognition,metacognitive_monitoring,28
reconsidering,emotional_reappraisal,16
reconsidering,analogical_thinking,84
emotional_reappraisal,hypothesis_generation,30
analogical_thinking,hypothesis_generation,122
metacognitive_monitoring,hypothesis_generation,36
hypothesis_generation,analyzing,81
analyzing,concretizing,26
analyzing,distinguishing,97
concretizing,questioning,24
concretizing,self_questioning,37
concretizing,distinguishing,12
concretizing,counterfactual_reasoning,15
distinguishing,distinguishing,146
distinguishing,counterfactual_reasoning,92
remembering,distinguishing,59
remembering,counterfactual_reasoning,45
questioning,applying,31
self_questioning,applying,43
distinguishing,applying,22
distinguishing,pattern_recognition,62
distinguishing,response_modulation,225
counterfactual_reasoning,applying,15
applying,distinguishing,27
applying,emotion_responding,18
pattern_recognition,cognition_awareness,40
cognition_awareness,emotion_responding,52
distinguishing,divergent_thinking,120
distinguishing,situation_selection,33
emotion_responding,emotion_responding,116
emotion_responding,situation_selection,21
emotion_responding,response_modulation,263
divergent_thinking,emotion_responding,110
emotion_responding,pattern_recognition,62
emotion_responding,reconsidering,61
reframing,emotion_responding,224
situation_selection,pattern_recognition,20
situation_selection,reconsidering,30
situation_selection,emotion_responding,29
response_modulation,reconsidering,162
pattern_recognition,abstracting,73
reconsidering,questioning,130
reconsidering,abstracting,62
emotion_responding,abstracting,86
abstracting,cognition_awareness,62
abstracting,counterfactual_reasoning,88
questioning,emotion_organizing,4
questioning,connecting,15
reconsidering,emotion_organizing,6
reconsidering,connecting,10
response_modulation,emotion_organizing,8
response_modulation,connecting,28
cognition_awareness,emotion_organizing,3
cognition_awareness,connecting,12
understanding,emotion_organizing,6
understanding,connecting,16
counterfactual_reasoning,emotion_organizing,6
counterfactual_reasoning,evaluating,173
counterfactual_reasoning,connecting,15
emotion_organizing,self_questioning,7
emotion_organizing,emotion_understanding,6
emotion_organizing,reframing,5
emotion_organizing,analogical_thinking,5
connecting,self_questioning,42
connecting,emotion_understanding,21
connecting,reframing,33
connecting,analogical_thinking,22
emotion_understanding,metacognitive_monitoring,53
emotion_understanding,convergent_thinking,181
reframing,metacognitive_monitoring,91
reframing,convergent_thinking,264
analogical_thinking,analyzing,130
analogical_thinking,metacognitive_monitoring,48
analogical_thinking,divergent_thinking,211
questioning,suspending_judgment,7
analyzing,cognition_awareness,49
analyzing,suspending_judgment,3
metacognitive_monitoring,cognition_awareness,25
metacognitive_monitoring,suspending_judgment,3
convergent_thinking,cognition_awareness,91
convergent_thinking,suspending_judgment,7
convergent_thinking,questioning,189
convergent_thinking,hypothesis_generation,133
divergent_thinking,cognition_awareness,59
divergent_thinking,suspending_judgment,3
cognition_awareness,analogical_thinking,102
suspending_judgment,analogical_thinking,5
suspending_judgment,divergent_thinking,5
evaluating,divergent_thinking,185
hypothesis_generation,analogical_thinking,156
analogical_thinking,counterfactual_reasoning,158
divergent_thinking,counterfactual_reasoning,116
counterfactual_reasoning,abstracting,81
counterfactual_reasoning,emotion_valuing,44
counterfactual_reasoning,concretizing,18
reconsidering,emotion_valuing,26
reconsidering,concretizing,13
reconsidering,situation_selection,27
reframing,concretizing,23
abstracting,accepting,4
abstracting,metacognitive_monitoring,33
abstracting,emotion_responding,91
abstracting,emotion_understanding,140
emotion_valuing,accepting,3
emotion_valuing,analyzing,40
emotion_valuing,applying,11
emotion_valuing,metacognitive_monitoring,18
emotion_valuing,pattern_recognition,18
emotion_valuing,emotion_responding,41
emotion_valuing,emotion_understanding,57
concretizing,accepting,1
concretizing,analyzing,14
concretizing,applying,8
concretizing,metacognitive_monitoring,8
concretizing,pattern_recognition,13
concretizing,emotion_responding,14
concretizing,emotion_understanding,18
situation_selection,accepting,2
situation_selection,analyzing,18
situation_selection,applying,12
situation_selection,emotion_understanding,32
accepting,distinguishing,2
accepting,noticing,26
accepting,emotion_understanding,12
applying,emotion_understanding,29
pattern_recognition,emotion_understanding,94
emotion_responding,distinguishing,84
emotion_responding,emotion_understanding,143
emotion_understanding,distinguishing,146
emotion_understanding,emotion_understanding,260
distinguishing,convergent_thinking,112
distinguishing,emotion_understanding,145
emotion_understanding,emotion_responding,124
emotion_understanding,hypothesis_generation,141
convergent_thinking,emotion_valuing,40
convergent_thinking,perspective_taking,75
convergent_thinking,emotion_understanding,204
pattern_recognition,emotion_valuing,26
pattern_recognition,perspective_taking,29
hypothesis_generation,perspective_taking,66
hypothesis_generation,emotion_understanding,137
emotion_valuing,noticing,140
perspective_taking,self_questioning,161
perspective_taking,noticing,203
perspective_taking,reframing,107
self_questioning,perspective_taking,140
noticing,perspective_taking,214
reframing,perspective_taking,124
analyzing,convergent_thinking,103
cognition_awareness,remembering,52
cognition_awareness,convergent_thinking,81
pattern_recognition,pattern_recognition,65
pattern_recognition,convergent_thinking,87
pattern_recognition,reconsidering,51
perspective_taking,pattern_recognition,39
perspective_taking,remembering,26
perspective_taking,convergent_thinking,74
perspective_taking,reconsidering,38
perspective_taking,evaluating,94
convergent_thinking,remembering,67
emotion_perception,pattern_recognition,25
emotion_perception,remembering,27
emotion_perception,reconsidering,46
remembering,response_modulation,130
remembering,perspective_taking,23
reconsidering,emotion_understanding,97
reconsidering,perspective_taking,45
evaluating,perspective_taking,88
emotion_understanding,emotion_perception,72
emotion_understanding,emotion_characterizing,38
emotion_perception,emotion_responding,48
emotion_perception,emotion_management,12
emotion_perception,emotion_characterizing,8
perspective_taking,emotion_valuing,25
perspective_taking,emotion_responding,45
perspective_taking,emotion_management,7
perspective_taking,emotion_perception,22
perspective_taking,emotion_characterizing,6
emotion_valuing,cognition_awareness,20
emotion_valuing,convergent_thinking,53
emotion_valuing,emotion_perception,25
emotion_valuing,perspective_taking,26
evaluating,convergent_thinking,224
emotion_responding,understanding,124
emotion_responding,cognition_awareness,81
emotion_responding,emotion_perception,39
emotion_responding,perspective_taking,57
emotion_responding,analyzing,62
emotion_management,convergent_thinking,21
emotion_management,emotion_perception,6
emotion_management,emotion_understanding,23
emotion_management,perspective_taking,9
emotion_management,analyzing,9
emotion_perception,understanding,57
emotion_perception,cognition_awareness,40
emotion_perception,perspective_taking,21
emotion_perception,analyzing,33
emotion_characterizing,understanding,22
emotion_characterizing,questioning,26
emotion_characterizing,cognition_awareness,15
emotion_characterizing,convergent_thinking,17
emotion_characterizing,emotion_perception,11
emotion_characterizing,emotion_understanding,33
emotion_characterizing,perspective_taking,11
emotion_characterizing,analyzing,17
understanding,hypothesis_generation,111
cognition_awareness,hypothesis_generation,75
cognition_awareness,understanding,91
convergent_thinking,understanding,195
convergent_thinking,counterfactual_reasoning,139
emotion_perception,hypothesis_generation,63
emotion_understanding,understanding,191
emotion_understanding,counterfactual_reasoning,125
perspective_taking,hypothesis_generation,72
perspective_taking,understanding,83
perspective_taking,counterfactual_reasoning,45
hypothesis_generation,metacognitive_monitoring,29
counterfactual_reasoning,metacognitive_monitoring,40
evaluating,remembering,80
analyzing,analyzing,103
metacognitive_monitoring,analyzing,25
metacognitive_monitoring,pattern_recognition,25
pattern_recognition,counterfactual_reasoning,61
questioning,emotion_understanding,189
remembering,hypothesis_generation,58
emotion_understanding,reconsidering,89
counterfactual_reasoning,convergent_thinking,141
counterfactual_reasoning,counterfactual_reasoning,125
counterfactual_reasoning,metacognitive_regulation,10
distinguishing,emotion_valuing,42
distinguishing,metacognitive_regulation,3
reconsidering,metacognitive_regulation,7
questioning,remembering,114
emotion_valuing,hypothesis_generation,50
emotion_valuing,remembering,19
emotion_valuing,situation_selection,12
convergent_thinking,emotion_responding,109
convergent_thinking,situation_selection,28
convergent_thinking,self_questioning,362
evaluating,emotion_responding,147
evaluating,situation_selection,53
metacognitive_regulation,emotion_responding,7
metacognitive_regulation,evaluating,18
metacognitive_regulation,situation_selection,4
emotion_responding,evaluating,142
emotion_responding,emotion_valuing,39
remembering,emotion_valuing,12
situation_selection,evaluating,43
situation_selection,emotion_valuing,10
situation_selection,emotion_perception,14
evaluating,emotion_facilitation,15
noticing,emotion_facilitation,41
metacognitive_monitoring,perspective_taking,7
metacognitive_monitoring,emotion_facilitation,5
questioning,emotion_valuing,67
questioning,perspective_taking,62
perspective_taking,perspective_taking,42
emotion_facilitation,emotion_valuing,4
emotion_facilitation,perspective_taking,3
emotion_facilitation,understanding,12
emotion_facilitation,counterfactual_reasoning,12
emotion_facilitation,hypothesis_generation,13
emotion_facilitation,reframing,23
perspective_taking,cognition_awareness,32
understanding,cognition_awareness,94
counterfactual_reasoning,understanding,122
hypothesis_generation,cognition_awareness,71
hypothesis_generation,pattern_recognition,72
cognition_awareness,abstracting,62
pattern_recognition,divergent_thinking,80
understanding,divergent_thinking,143
divergent_thinking,situation_selection,31
abstracting,convergent_thinking,102
abstracting,hypothesis_generation,98
abstracting,situation_selection,25
convergent_thinking,divergent_thinking,139
situation_selection,counterfactual_reasoning,32
situation_selection,divergent_thinking,43
divergent_thinking,divergent_thinking,156
response_modulation,concretizing,38
divergent_thinking,metacognitive_monitoring,38
divergent_thinking,concretizing,18
evaluating,concretizing,20
situation_selection,concretizing,8
situation_selection,convergent_thinking,36
metacognitive_monitoring,response_modulation,97
concretizing,reframing,30
concretizing,analogical_thinking,28
convergent_thinking,analogical_thinking,178
response_modulation,perspective_taking,119
reframing,emotion_understanding,360
analogical_thinking,emotion_perception,82
analogical_thinking,emotion_understanding,228
analogical_thinking,perspective_taking,112
emotion_valuing,divergent_thinking,31
perspective_taking,response_modulation,108
perspective_taking,divergent_thinking,54
emotion_understanding,emotional_reappraisal,58
emotional_reappraisal,noticing,184
emotional_reappraisal,response_modulation,113
metacognitive_monitoring,understanding,36
distinguishing,perspective_taking,45
understanding,perspective_taking,79
noticing,emotion_valuing,146
cognition_awareness,emotion_valuing,28
cognition_awareness,emotion_perception,40
questioning,concretizing,19
perspective_taking,concretizing,11
perspective_taking,analogical_thinking,108
concretizing,noticing,53
concretizing,divergent_thinking,18
concretizing,metacognitive_regulation,2
analogical_thinking,pattern_recognition,105
analogical_thinking,metacognitive_regulation,10
reconsidering,divergent_thinking,89
questioning,zooming_in,31
pattern_recognition,zooming_in,22
noticing,zooming_in,114
divergent_thinking,zooming_in,25
divergent_thinking,emotion_understanding,144
response_modulation,zooming_in,55
metacognitive_regulation,zooming_in,2
metacognitive_regulation,emotion_understanding,14
zooming_in,self_questioning,67
zooming_in,metacognitive_monitoring,8
zooming_in,noticing,116
zooming_in,reframing,48
distinguishing,understanding,128
emotional_reappraisal,evaluating,62
emotional_reappraisal,understanding,46
emotional_reappraisal,remembering,30
emotional_reappraisal,emotion_understanding,66
cognition_awareness,emotion_understanding,76
emotion_responding,remembering,52
emotion_understanding,remembering,73
understanding,emotion_understanding,207
noticing,updating_beliefs,28
reframing,updating_beliefs,19
updating_beliefs,evaluating,13
updating_beliefs,noticing,27
updating_beliefs,distinguishing,9
distinguishing,cognition_awareness,57
understanding,emotion_responding,118
understanding,situation_selection,32
situation_selection,creating,3
situation_selection,situation_selection,16
hypothesis_generation,emotion_responding,95
hypothesis_generation,creating,9
cognition_awareness,creating,11
creating,distinguishing,14
creating,noticing,33
creating,response_modulation,21
creating,emotion_understanding,15
creating,reconsidering,5
situation_selection,distinguishing,32
distinguishing,abstracting,105
distinguishing,analogical_thinking,175
analyzing,analogical_thinking,130
emotion_responding,zooming_in,19
zooming_in,zooming_in,7
zooming_in,pattern_recognition,24
remembering,zooming_in,16
zooming_in,questioning,35
zooming_in,emotion_valuing,9
zooming_in,reconsidering,17
analogical_thinking,remembering,80
response_modulation,counterfactual_reasoning,269
evaluating,suspending_judgment,9
noticing,suspending_judgment,13
hypothesis_generation,suspending_judgment,5
hypothesis_generation,emotion_receiving,21
response_modulation,suspending_judgment,7
response_modulation,emotion_receiving,47
suspending_judgment,cognition_awareness,2
suspending_judgment,noticing,13
suspending_judgment,attentional_deployment,1
suspending_judgment,self_questioning,8
questioning,attentional_deployment,21
emotion_receiving,cognition_awareness,17
emotion_receiving,attentional_deployment,5
noticing,attentional_deployment,96
understanding,attentional_deployment,28
cognition_awareness,distinguishing,58
attentional_deployment,abstracting,24
attentional_deployment,analogical_thinking,41
attentional_deployment,distinguishing,22
attentional_deployment,noticing,92
attentional_deployment,response_modulation,58
attentional_deployment,self_questioning,61
attentional_deployment,emotion_understanding,28
attentional_deployment,metacognitive_monitoring,7
emotion_responding,hypothesis_generation,91
emotion_responding,analogical_thinking,151
zooming_in,analogical_thinking,35
emotional_reappraisal,distinguishing,36
emotional_reappraisal,abstracting,38
emotional_reappraisal,divergent_thinking,37
emotional_reappraisal,pattern_recognition,31
emotional_reappraisal,analyzing,42
distinguishing,analyzing,87
divergent_thinking,abstracting,110
counterfactual_reasoning,emotion_understanding,125
abstracting,divergent_thinking,103
understanding,analogical_thinking,211
evaluating,zooming_out,38
hypothesis_generation,zooming_out,29
reframing,zooming_out,64
self_questioning,zooming_out,72
zooming_out,understanding,47
zooming_out,hypothesis_generation,25
zooming_out,convergent_thinking,35
zooming_out,questioning,40
perspective_taking,questioning,73
hypothesis_generation,remembering,57
remembering,remembering,58
response_modulation,attentional_deployment,44
analyzing,perspective_taking,36
cognition_awareness,perspective_taking,32
emotion_understanding,perspective_taking,70
attentional_deployment,perspective_taking,10
attentional_deployment,remembering,17
attentional_deployment,emotion_responding,18
perspective_taking,abstracting,41
remembering,abstracting,49
remembering,understanding,57
abstracting,perspective_taking,52
abstracting,emotion_facilitation,6
understanding,emotion_facilitation,13
perspective_taking,distinguishing,38
emotion_facilitation,distinguishing,7
emotion_facilitation,analogical_thinking,17
emotion_facilitation,response_modulation,25
emotion_facilitation,noticing,36
distinguishing,accepting,3
analogical_thinking,accepting,15
response_modulation,accepting,19
self_questioning,accepting,25
noticing,accepting,28
accepting,abstracting,3
remembering,analogical_thinking,91
counterfactual_reasoning,analogical_thinking,163
understanding,zooming_in,33
understanding,concretizing,20
counterfactual_reasoning,zooming_in,22
reframing,zooming_in,58
self_questioning,zooming_in,74
self_questioning,concretizing,32
zooming_in,understanding,36
zooming_in,abstracting,30
zooming_in,cognition_awareness,14
zooming_in,emotion_understanding,29
concretizing,understanding,18
concretizing,abstracting,10
concretizing,cognition_awareness,5
emotion_understanding,cognition_awareness,101
abstracting,attentional_deployment,16
emotion_responding,emotion_receiving,19
emotion_responding,attentional_deployment,18
emotion_understanding,attentional_deployment,36
divergent_thinking,emotion_receiving,24
divergent_thinking,attentional_deployment,29
perspective_taking,emotion_receiving,12
perspective_taking,attentional_deployment,12
understanding,emotion_receiving,21
cognition_awareness,zooming_in,19
emotion_receiving,analogical_thinking,30
emotion_receiving,zooming_in,4
emotion_receiving,analyzing,16
attentional_deployment,questioning,35
attentional_deployment,zooming_in,4
attentional_deployment,analyzing,19
divergent_thinking,analogical_thinking,196
hypothesis_generation,zooming_in,17
zooming_in,analyzing,23
analyzing,emotion_valuing,35
emotion_valuing,metacognitive_regulation,2
questioning,metacognitive_regulation,7
abstracting,remembering,65
analogical_thinking,situation_selection,38
counterfactual_reasoning,reconsidering,64
remembering,metacognitive_regulation,2
situation_selection,analogical_thinking,48
metacognitive_regulation,analogical_thinking,6
reconsidering,cognition_awareness,43
pattern_recognition,creating,8
pattern_recognition,situation_modification,8
pattern_recognition,situation_selection,30
cognition_awareness,situation_modification,7
divergent_thinking,emotion_facilitation,10
hypothesis_generation,emotion_facilitation,11
reconsidering,emotion_facilitation,6
creating,counterfactual_reasoning,4
creating,emotion_facilitation,3
creating,hypothesis_generation,7
creating,metacognitive_monitoring,5
situation_modification,counterfactual_reasoning,8
situation_modification,metacognitive_monitoring,7
situation_selection,emotion_facilitation,3
analogical_thinking,meta_awareness,10
analogical_thinking,emotion_management,22
analogical_thinking,emotion_facilitation,16
analogical_thinking,attentional_deployment,35
response_modulation,meta_awareness,10
noticing,meta_awareness,18
self_questioning,meta_awareness,11
self_questioning,emotion_facilitation,26
self_questioning,attentional_deployment,50
meta_awareness,counterfactual_reasoning,8
meta_awareness,hypothesis_generation,8
meta_awareness,analogical_thinking,6
meta_awareness,perspective_taking,3
meta_awareness,divergent_thinking,4
metacognitive_monitoring,counterfactual_reasoning,29
metacognitive_monitoring,divergent_thinking,39
counterfactual_reasoning,perspective_taking,43
emotion_management,counterfactual_reasoning,13
emotion_management,analogical_thinking,19
emotion_management,divergent_thinking,21
emotion_facilitation,divergent_thinking,9
attentional_deployment,counterfactual_reasoning,17
attentional_deployment,hypothesis_generation,30
attentional_deployment,divergent_thinking,22
convergent_thinking,distinguishing,99
self_questioning,connecting,33
connecting,zooming_out,7
noticing,zooming_out,134
divergent_thinking,zooming_out,31
zooming_out,divergent_thinking,37
zooming_out,emotional_reappraisal,11
zooming_out,connecting,8
zooming_out,counterfactual_reasoning,34
zooming_out,reconsidering,25
analogical_thinking,emotional_reappraisal,62
analogical_thinking,connecting,23
emotional_reappraisal,attentional_deployment,6
connecting,attentional_deployment,4
counterfactual_reasoning,attentional_deployment,16
reconsidering,attentional_deployment,13
attentional_deployment,zooming_out,6
attentional_deployment,emotion_facilitation,2
zooming_out,noticing,122
emotion_responding,suspending_judgment,2
emotion_responding,meta_awareness,3
cognition_awareness,suspending_judgment,4
cognition_awareness,meta_awareness,5
self_questioning,suspending_judgment,8
attentional_deployment,suspending_judgment,3
attentional_deployment,meta_awareness,1
perspective_taking,suspending_judgment,2
perspective_taking,meta_awareness,2
remembering,suspending_judgment,5
remembering,meta_awareness,3
suspending_judgment,hypothesis_generation,2
suspending_judgment,suspending_judgment,1
meta_awareness,self_questioning,11
meta_awareness,suspending_judgment,1
suspending_judgment,response_modulation,5
analogical_thinking,cognition_awareness,94
abstracting,emotional_reappraisal,37
attentional_deployment,understanding,29
attentional_deployment,emotional_reappraisal,11
attentional_deployment,reframing,43
attentional_deployment,reconsidering,14
questioning,meta_awareness,10
understanding,meta_awareness,8
emotional_reappraisal,meta_awareness,2
emotional_reappraisal,questioning,59
emotional_reappraisal,reconsidering,19
reframing,meta_awareness,5
reconsidering,meta_awareness,4
meta_awareness,pattern_recognition,2
meta_awareness,questioning,10
meta_awareness,noticing,20
pattern_recognition,emotion_characterizing,15
questioning,emotion_characterizing,27
noticing,emotion_characterizing,77
emotion_valuing,emotion_receiving,14
emotion_characterizing,response_modulation,45
emotion_characterizing,emotion_receiving,6
emotion_characterizing,noticing,83
emotion_characterizing,reframing,50
emotion_receiving,reframing,31
questioning,zooming_out,38
response_modulation,zooming_out,53
meta_awareness,metacognitive_regulation,1
meta_awareness,situation_selection,2
meta_awareness,reconsidering,4
zooming_out,metacognitive_regulation,6
zooming_out,situation_selection,5
cognition_awareness,metacognitive_regulation,5
metacognitive_regulation,divergent_thinking,9
analogical_thinking,emotion_responding,146
divergent_thinking,perspective_taking,43
concretizing,remembering,11
remembering,emotion_responding,50
understanding,emotion_characterizing,27
emotion_characterizing,emotion_responding,19
emotion_responding,accepting,10
accepting,counterfactual_reasoning,8
accepting,divergent_thinking,10
accepting,hypothesis_generation,7
accepting,perspective_taking,3
accepting,analogical_thinking,12
divergent_thinking,emotion_valuing,35
perspective_taking,emotion_understanding,67
understanding,emotion_valuing,52
self_questioning,emotion_characterizing,61
emotion_characterizing,reconsidering,11
emotion_responding,connecting,14
connecting,questioning,15
connecting,emotion_valuing,4
connecting,response_modulation,38
connecting,counterfactual_reasoning,13
attentional_deployment,emotion_perception,7
abstracting,distinguishing,117
perspective_taking,analyzing,52
analyzing,divergent_thinking,84
convergent_thinking,abstracting,102
emotion_valuing,distinguishing,37
analogical_thinking,zooming_out,51
emotion_understanding,zooming_out,48
zooming_out,abstracting,30
zooming_out,emotion_understanding,50
attentional_deployment,convergent_thinking,28
analyzing,situation_selection,25
emotional_reappraisal,emotion_responding,34
abstracting,concretizing,15
emotion_valuing,concretizing,6
analogical_thinking,concretizing,17
emotion_valuing,zooming_out,10
concretizing,emotion_valuing,5
concretizing,perspective_taking,11
concretizing,zooming_out,7
reconsidering,zooming_out,24
zooming_out,remembering,19
remembering,connecting,6
remembering,zooming_out,21
connecting,divergent_thinking,18
connecting,meta_awareness,1
zooming_out,meta_awareness,2
zooming_out,response_modulation,70
zooming_out,self_questioning,88
zooming_out,analogical_thinking,50
divergent_thinking,emotion_perception,42
meta_awareness,response_modulation,5
meta_awareness,emotion_facilitation,2
meta_awareness,emotion_perception,3
emotion_facilitation,zooming_out,3
emotion_facilitation,attentional_deployment,2
emotion_perception,zooming_out,11
emotion_perception,attentional_deployment,10
noticing,connecting,64
remembering,cognition_awareness,40
emotion_responding,zooming_out,28
emotion_understanding,connecting,24
connecting,noticing,61
emotion_responding,emotional_reappraisal,33
remembering,emotional_reappraisal,12
convergent_thinking,emotional_reappraisal,47
emotional_reappraisal,emotion_perception,22
evaluating,zooming_in,40
zooming_in,remembering,14
zooming_in,convergent_thinking,26
zooming_in,response_modulation,52
self_questioning,situation_modification,15
situation_modification,understanding,14
self_questioning,emotional_reappraisal,103
emotional_reappraisal,analogical_thinking,41
emotional_reappraisal,cognition_awareness,35
analyzing,accepting,4
analyzing,emotion_management,11
analyzing,emotion_facilitation,9
accepting,evaluating,10
emotion_management,evaluating,32
emotion_facilitation,evaluating,9
understanding,emotional_reappraisal,41
perspective_taking,situation_selection,14
situation_selection,perspective_taking,13
questioning,situation_modification,12
emotion_valuing,situation_modification,3
convergent_thinking,situation_modification,11
analogical_thinking,situation_modification,8
noticing,situation_modification,25
situation_modification,perspective_taking,6
situation_modification,questioning,15
analyzing,zooming_out,26
perspective_taking,zooming_out,19
remembering,emotion_receiving,9
understanding,zooming_out,39
reconsidering,emotion_receiving,10
reconsidering,emotion_responding,57
emotion_receiving,abstracting,10
emotion_receiving,perspective_taking,4
emotion_receiving,emotion_understanding,28
emotion_receiving,convergent_thinking,29
zooming_out,perspective_taking,14
situation_selection,abstracting,21
abstracting,situation_modification,6
perspective_taking,situation_modification,7
emotion_understanding,situation_modification,9
situation_modification,emotion_valuing,1
distinguishing,emotion_management,21
distinguishing,emotional_reappraisal,34
emotional_reappraisal,convergent_thinking,49
cognition_awareness,zooming_out,17
cognition_awareness,emotion_management,10
convergent_thinking,zooming_out,37
convergent_thinking,emotion_management,16
zooming_out,zooming_out,15
zooming_out,metacognitive_monitoring,6
zooming_out,analyzing,20
zooming_out,emotion_management,5
connecting,metacognitive_monitoring,1
connecting,analyzing,14
connecting,emotion_management,3
connecting,abstracting,23
zooming_out,evaluating,43
zooming_out,emotion_perception,16
abstracting,emotion_perception,42
emotion_perception,situation_selection,16
concretizing,emotion_perception,5
connecting,evaluating,12
noticing,creating,31
analogical_thinking,zooming_in,37
analyzing,zooming_in,19
analyzing,creating,6
distinguishing,zooming_in,26
distinguishing,creating,3
remembering,creating,1
zooming_in,distinguishing,24
creating,remembering,4
pattern_recognition,zooming_out,14
zooming_out,reframing,68
zooming_out,emotion_responding,25
emotion_perception,zooming_in,14
emotion_understanding,zooming_in,34
convergent_thinking,zooming_in,22
cognition_awareness,cognition_awareness,58
cognition_awareness,concretizing,15
convergent_thinking,concretizing,15
attentional_deployment,concretizing,7
concretizing,emotion_characterizing,2
emotion_responding,emotion_characterizing,19
hypothesis_generation,emotion_characterizing,12
remembering,emotion_characterizing,8
emotion_characterizing,analogical_thinking,28
emotion_characterizing,counterfactual_reasoning,13
pattern_recognition,emotion_management,14
divergent_thinking,emotion_management,11
convergent_thinking,attentional_deployment,17
hypothesis_generation,attentional_deployment,18
emotion_management,attentional_deployment,4
attentional_deployment,applying,5
convergent_thinking,applying,27
applying,evaluating,38
applying,analogical_thinking,27
updating_beliefs,reframing,16
updating_beliefs,self_questioning,18
updating_beliefs,analogical_thinking,6
emotional_reappraisal,emotion_characterizing,9
emotional_reappraisal,emotional_reappraisal,25
emotional_reappraisal,metacognitive_monitoring,15
perspective_taking,metacognitive_monitoring,11
reframing,attentional_deployment,45
metacognitive_monitoring,reconsidering,25
emotion_perception,emotional_reappraisal,16
evaluating,updating_beliefs,6
emotional_reappraisal,updating_beliefs,3
counterfactual_reasoning,updating_beliefs,10
updating_beliefs,questioning,9
updating_beliefs,hypothesis_generation,4
updating_beliefs,pattern_recognition,7
hypothesis_generation,applying,18
pattern_recognition,applying,20
response_modulation,metacognitive_regulation,21
hypothesis_generation,metacognitive_regulation,5
analyzing,metacognitive_regulation,13
response_modulation,applying,47
cognition_awareness,applying,9
metacognitive_regulation,metacognitive_monitoring,3
metacognitive_regulation,emotion_valuing,1
metacognitive_regulation,emotion_perception,4
metacognitive_regulation,applying,5
accepting,reframing,20
accepting,self_questioning,23
zooming_in,situation_selection,6
zooming_in,divergent_thinking,27
zooming_in,applying,5
attentional_deployment,situation_selection,7
applying,divergent_thinking,30
questioning,updating_beliefs,7
divergent_thinking,updating_beliefs,6
divergent_thinking,emotional_reappraisal,38
self_questioning,updating_beliefs,12
updating_beliefs,abstracting,9
updating_beliefs,remembering,4
updating_beliefs,emotion_management,1
emotion_management,emotional_reappraisal,7
cognition_awareness,emotional_reappraisal,23
emotion_responding,emotion_organizing,4
perspective_taking,emotion_organizing,3
perspective_taking,connecting,10
remembering,emotion_organizing,1
emotion_organizing,evaluating,4
emotion_organizing,response_modulation,8
emotion_organizing,convergent_thinking,5
emotion_organizing,hypothesis_generation,5
connecting,convergent_thinking,12
connecting,hypothesis_generation,19
evaluating,emotion_characterizing,25
convergent_thinking,emotion_characterizing,14
zooming_in,evaluating,42
zooming_in,emotion_perception,7
zooming_in,concretizing,7
zooming_out,emotion_valuing,13
zooming_out,concretizing,10
emotion_understanding,concretizing,24
concretizing,hypothesis_generation,19
reconsidering,zooming_in,26
emotion_characterizing,divergent_thinking,16
emotion_characterizing,emotion_facilitation,2
reframing,connecting,30
connecting,emotion_responding,16
divergent_thinking,connecting,17
distinguishing,connecting,17
hypothesis_generation,connecting,19
zooming_in,counterfactual_reasoning,14
connecting,pattern_recognition,11
connecting,situation_selection,6
situation_selection,cognition_awareness,16
reconsidering,remembering,36
applying,abstracting,30
applying,pattern_recognition,18
applying,counterfactual_reasoning,17
zooming_in,emotion_receiving,8
zooming_in,emotion_responding,19
counterfactual_reasoning,emotion_receiving,18
abstracting,emotion_characterizing,25
emotion_characterizing,hypothesis_generation,17
zooming_out,emotion_characterizing,8
analogical_thinking,emotion_characterizing,35
connecting,distinguishing,20
connecting,reconsidering,6
emotion_characterizing,distinguishing,19
distinguishing,situation_modification,12
reconsidering,applying,10
reconsidering,situation_modification,7
evaluating,attentional_deployment,33
hypothesis_generation,updating_beliefs,13
attentional_deployment,evaluating,24
attentional_deployment,updating_beliefs,1
response_modulation,updating_beliefs,13
analogical_thinking,updating_beliefs,12
situation_selection,remembering,14
updating_beliefs,counterfactual_reasoning,6
pattern_recognition,concretizing,10
pattern_recognition,metacognitive_regulation,4
updating_beliefs,concretizing,3
updating_beliefs,convergent_thinking,6
updating_beliefs,response_modulation,14
updating_beliefs,metacognitive_monitoring,4
updating_beliefs,metacognitive_regulation,1
analogical_thinking,applying,26
emotional_reappraisal,perspective_taking,15
divergent_thinking,accepting,5
applying,analyzing,25
applying,understanding,32
emotion_responding,creating,10
creating,abstracting,10
creating,analyzing,14
creating,cognition_awareness,4
creating,attentional_deployment,3
abstracting,zooming_in,15
metacognitive_monitoring,convergent_thinking,50
metacognitive_monitoring,situation_selection,10
metacognitive_monitoring,zooming_in,8
zooming_in,hypothesis_generation,24
emotional_reappraisal,situation_selection,10
perspective_taking,emotional_reappraisal,10
noticing,emotion_organizing,11
divergent_thinking,emotion_organizing,2
reframing,emotion_organizing,7
emotion_organizing,reconsidering,1
reframing,suspending_judgment,7
cognition_awareness,emotion_facilitation,5
suspending_judgment,perspective_taking,3
suspending_judgment,questioning,9
suspending_judgment,emotion_facilitation,2
suspending_judgment,counterfactual_reasoning,4
questioning,emotion_facilitation,9
convergent_thinking,emotion_facilitation,14
emotion_facilitation,analyzing,4
emotion_facilitation,questioning,7
hypothesis_generation,emotional_reappraisal,28
emotion_valuing,connecting,7
emotion_perception,connecting,3
evaluating,connecting,14
connecting,understanding,21
connecting,emotion_characterizing,4
emotion_characterizing,abstracting,31
emotion_characterizing,pattern_recognition,11
evaluating,creating,16
creating,emotion_responding,7
creating,convergent_thinking,12
divergent_thinking,situation_modification,10
evaluating,situation_modification,9
analyzing,applying,21
reconsidering,emotion_management,9
applying,emotion_management,5
applying,hypothesis_generation,18
applying,perspective_taking,8
applying,reconsidering,19
remembering,emotion_management,6
hypothesis_generation,emotion_management,8
questioning,creating,10
situation_modification,evaluating,10
situation_modification,convergent_thinking,13
situation_modification,analyzing,8
creating,divergent_thinking,12
creating,emotional_reappraisal,3
situation_modification,cognition_awareness,7
cognition_awareness,attentional_deployment,17
creating,evaluating,13
emotion_understanding,emotion_facilitation,13
emotion_facilitation,cognition_awareness,4
emotion_valuing,emotional_reappraisal,12
pattern_recognition,attentional_deployment,13
analyzing,attentional_deployment,11
attentional_deployment,emotion_valuing,9
metacognitive_monitoring,applying,8
emotion_perception,applying,10
understanding,applying,18
questioning,emotion_receiving,36
self_questioning,emotion_receiving,52
convergent_thinking,emotion_receiving,25
understanding,metacognitive_regulation,10
emotion_receiving,divergent_thinking,13
emotion_receiving,evaluating,26
emotion_receiving,metacognitive_regulation,1
emotion_receiving,distinguishing,12
metacognitive_regulation,convergent_thinking,11
metacognitive_regulation,distinguishing,7
questioning,emotion_management,14
emotion_management,reconsidering,8
emotional_reappraisal,zooming_in,18
emotional_reappraisal,concretizing,7
perspective_taking,applying,10
emotion_understanding,creating,11
creating,zooming_out,3
creating,understanding,10
abstracting,zooming_out,31
analyzing,emotion_characterizing,13
divergent_thinking,emotion_characterizing,24
distinguishing,emotion_characterizing,23
emotion_characterizing,emotion_valuing,17
emotion_characterizing,emotion_characterizing,18
emotion_responding,metacognitive_monitoring,32
reframing,accepting,21
reframing,emotion_receiving,32
questioning,accepting,8
zooming_out,accepting,5
emotion_characterizing,evaluating,26
divergent_thinking,meta_awareness,9
meta_awareness,distinguishing,6
zooming_in,situation_modification,1
emotion_facilitation,situation_modification,2
emotion_facilitation,emotion_responding,12
emotion_facilitation,reconsidering,8
situation_modification,noticing,22
situation_modification,distinguishing,7
distinguishing,zooming_out,32
emotion_responding,emotion_management,17
emotion_management,emotion_characterizing,4
emotion_management,emotion_management,5
emotion_management,metacognitive_monitoring,10
reconsidering,accepting,7
accepting,response_modulation,19
accepting,pattern_recognition,9
abstracting,connecting,16
connecting,perspective_taking,8
applying,convergent_thinking,21
emotion_valuing,attentional_deployment,7
emotion_receiving,emotion_responding,15
metacognitive_regulation,analyzing,4
creating,situation_selection,4
attentional_deployment,emotion_management,2
emotion_management,emotion_responding,11
understanding,emotion_management,15
emotion_valuing,emotion_management,5
emotion_valuing,emotion_characterizing,14
convergent_thinking,accepting,10
accepting,emotion_responding,8
accepting,understanding,8
accepting,emotional_reappraisal,4
emotion_responding,applying,19
emotional_reappraisal,emotion_valuing,11
emotion_receiving,zooming_out,8
emotion_receiving,situation_modification,1
emotional_reappraisal,zooming_out,12
zooming_out,zooming_in,8
emotion_responding,metacognitive_regulation,4
metacognitive_regulation,emotion_characterizing,2
emotion_characterizing,zooming_out,5
emotion_characterizing,attentional_deployment,5
metacognitive_monitoring,zooming_out,8
metacognitive_monitoring,attentional_deployment,8
zooming_out,cognition_awareness,24
zooming_out,distinguishing,30
attentional_deployment,cognition_awareness,16
cognition_awareness,emotion_characterizing,5
emotion_characterizing,emotion_management,2
emotion_management,abstracting,8
metacognitive_monitoring,emotion_management,7
metacognitive_monitoring,emotion_characterizing,4
metacognitive_monitoring,emotion_responding,27
emotion_characterizing,metacognitive_monitoring,4
attentional_deployment,attentional_deployment,5
attentional_deployment,pattern_recognition,14
applying,emotion_valuing,13
applying,emotion_perception,13
reconsidering,emotion_characterizing,8
emotion_characterizing,emotional_reappraisal,4
situation_selection,emotional_reappraisal,8
situation_selection,emotion_receiving,5
emotion_receiving,emotion_management,5
emotion_receiving,emotional_reappraisal,6
emotion_receiving,pattern_recognition,9
emotion_receiving,emotion_perception,12
emotion_receiving,emotion_characterizing,6
emotion_management,applying,3
emotion_management,zooming_out,4
emotion_characterizing,applying,8
distinguishing,attentional_deployment,16
situation_selection,attentional_deployment,8
concretizing,attentional_deployment,3
applying,attentional_deployment,6
remembering,attentional_deployment,18
zooming_out,updating_beliefs,5
updating_beliefs,emotion_understanding,7
emotion_facilitation,concretizing,3
zooming_out,attentional_deployment,6
zooming_in,emotion_facilitation,1
concretizing,concretizing,5
concretizing,emotion_facilitation,4
emotion_facilitation,emotion_perception,10
updating_beliefs,emotion_perception,2
applying,situation_selection,8
applying,situation_modification,5
applying,zooming_out,12
attentional_deployment,situation_modification,1
situation_modification,pattern_recognition,7
zooming_out,pattern_recognition,21
situation_modification,analogical_thinking,14
evaluating,accepting,13
pattern_recognition,emotion_receiving,12
metacognitive_monitoring,concretizing,6
emotion_receiving,concretizing,3
emotion_receiving,hypothesis_generation,20
emotion_receiving,remembering,10
emotion_receiving,reconsidering,10
emotion_receiving,situation_selection,7
situation_modification,zooming_in,2
zooming_in,emotional_reappraisal,7
zooming_in,emotion_management,4
emotion_organizing,emotion_responding,4
emotion_facilitation,convergent_thinking,7
emotion_facilitation,creating,2
creating,analogical_thinking,14
emotion_management,distinguishing,6
emotional_reappraisal,emotion_facilitation,4
metacognitive_monitoring,emotional_reappraisal,9
emotion_receiving,emotion_facilitation,4
emotion_perception,emotion_facilitation,6
emotion_facilitation,remembering,1
emotion_facilitation,pattern_recognition,3
metacognitive_monitoring,updating_beliefs,2
convergent_thinking,updating_beliefs,8
remembering,updating_beliefs,5
updating_beliefs,emotional_reappraisal,2
updating_beliefs,reconsidering,4
analyzing,situation_modification,6
distinguishing,concretizing,9
analyzing,connecting,13
pattern_recognition,connecting,13
situation_modification,concretizing,2
situation_modification,connecting,2
concretizing,situation_selection,9
connecting,remembering,10
connecting,emotion_facilitation,1
situation_selection,emotion_characterizing,5
distinguishing,updating_beliefs,10
applying,applying,9
applying,emotion_characterizing,6
zooming_out,applying,5
connecting,applying,2
metacognitive_regulation,abstracting,7
suspending_judgment,convergent_thinking,3
suspending_judgment,reframing,6
suspending_judgment,understanding,2
accepting,emotion_characterizing,2
accepting,questioning,12
accepting,cognition_awareness,6
emotion_characterizing,suspending_judgment,1
understanding,suspending_judgment,4
suspending_judgment,emotion_understanding,5
analogical_thinking,suspending_judgment,4
emotion_understanding,suspending_judgment,6
emotional_reappraisal,counterfactual_reasoning,30
emotional_reappraisal,emotion_organizing,1
emotion_organizing,counterfactual_reasoning,2
situation_modification,reframing,11
zooming_out,creating,3
abstracting,creating,6
divergent_thinking,creating,8
attentional_deployment,creating,2
creating,pattern_recognition,7
counterfactual_reasoning,suspending_judgment,2
distinguishing,suspending_judgment,3
emotion_perception,suspending_judgment,2
emotion_receiving,suspending_judgment,1
emotion_receiving,understanding,22
suspending_judgment,emotion_responding,4
emotion_characterizing,remembering,5
emotion_receiving,emotion_receiving,8
zooming_out,situation_modification,3
metacognitive_monitoring,situation_modification,6
emotion_characterizing,situation_modification,3
hypothesis_generation,emotion_organizing,2
situation_modification,emotion_organizing,2
situation_modification,zooming_out,3
emotion_valuing,emotion_organizing,2
emotion_organizing,understanding,3
counterfactual_reasoning,zooming_out,17
accepting,emotion_valuing,2
accepting,applying,4
accepting,zooming_out,1
accepting,reconsidering,8
distinguishing,emotion_organizing,2
analogical_thinking,emotion_organizing,3
emotion_organizing,noticing,5
emotion_organizing,distinguishing,2
convergent_thinking,emotion_organizing,2
perspective_taking,accepting,1
counterfactual_reasoning,accepting,6
understanding,accepting,9
accepting,emotion_perception,2
abstracting,meta_awareness,7
distinguishing,meta_awareness,4
emotion_understanding,meta_awareness,2
meta_awareness,evaluating,8
emotion_valuing,zooming_in,7
perspective_taking,zooming_in,6
zooming_in,perspective_taking,11
perspective_taking,creating,3
emotion_perception,creating,3
situation_selection,zooming_out,3
understanding,updating_beliefs,9
reconsidering,updating_beliefs,6
updating_beliefs,emotion_responding,5
situation_modification,remembering,4
situation_modification,reconsidering,3
connecting,emotion_perception,4
connecting,emotional_reappraisal,6
remembering,applying,6
emotion_facilitation,emotion_facilitation,4
distinguishing,emotion_facilitation,6
emotion_facilitation,situation_selection,1
emotion_facilitation,abstracting,6
abstracting,updating_beliefs,3
perspective_taking,updating_beliefs,1
emotion_understanding,updating_beliefs,6
attentional_deployment,emotion_receiving,4
convergent_thinking,connecting,13
hypothesis_generation,meta_awareness,6
evaluating,meta_awareness,5
convergent_thinking,meta_awareness,4
emotion_valuing,meta_awareness,2
meta_awareness,concretizing,2
zooming_in,attentional_deployment,6
counterfactual_reasoning,meta_awareness,4
meta_awareness,emotion_responding,4
meta_awareness,cognition_awareness,2
meta_awareness,understanding,3
concretizing,creating,3
creating,questioning,8
emotion_characterizing,zooming_in,3
emotional_reappraisal,connecting,8
creating,connecting,2
convergent_thinking,creating,11
emotional_reappraisal,emotion_receiving,6
emotion_characterizing,creating,2
emotion_valuing,creating,4
metacognitive_monitoring,connecting,5
convergent_thinking,metacognitive_regulation,14
metacognitive_regulation,reconsidering,3
divergent_thinking,applying,17
connecting,connecting,3
zooming_in,connecting,6
applying,connecting,5
metacognitive_monitoring,meta_awareness,1
meta_awareness,reframing,9
hypothesis_generation,accepting,8
accepting,meta_awareness,1
emotion_perception,meta_awareness,2
meta_awareness,abstracting,3
meta_awareness,meta_awareness,2
pattern_recognition,meta_awareness,4
perspective_taking,metacognitive_regulation,3
situation_selection,metacognitive_regulation,5
metacognitive_regulation,counterfactual_reasoning,4
suspending_judgment,evaluating,6
suspending_judgment,emotion_perception,2
suspending_judgment,metacognitive_monitoring,3
suspending_judgment,emotion_valuing,3
suspending_judgment,applying,1
emotion_responding,emotion_facilitation,9
emotion_receiving,metacognitive_monitoring,6
emotion_receiving,emotion_organizing,1
situation_modification,emotion_understanding,6
perspective_taking,emotion_facilitation,5
emotion_management,emotion_facilitation,1
emotion_facilitation,emotional_reappraisal,6
emotion_facilitation,emotion_management,2
emotion_organizing,emotional_reappraisal,1
emotion_organizing,emotion_perception,1
emotion_organizing,emotion_facilitation,1
emotion_organizing,emotion_management,1
emotion_perception,updating_beliefs,2
emotion_facilitation,updating_beliefs,2
emotion_management,updating_beliefs,2
updating_beliefs,applying,1
updating_beliefs,emotion_valuing,2
updating_beliefs,updating_beliefs,1
emotion_responding,updating_beliefs,8
emotion_valuing,emotion_facilitation,3
pattern_recognition,emotion_facilitation,6
emotion_facilitation,emotion_understanding,13
emotion_facilitation,emotion_characterizing,4
emotion_facilitation,applying,2
applying,emotional_reappraisal,8
evaluating,emotion_organizing,5
self_questioning,emotion_organizing,6
emotion_understanding,emotion_organizing,5
applying,metacognitive_regulation,4
metacognitive_regulation,pattern_recognition,3
meta_awareness,updating_beliefs,1
meta_awareness,remembering,5
zooming_in,updating_beliefs,2
analyzing,updating_beliefs,5
updating_beliefs,emotion_receiving,2
attentional_deployment,emotion_characterizing,6
emotion_management,metacognitive_regulation,2
emotion_management,pattern_recognition,6
emotion_management,situation_selection,4
concretizing,emotional_reappraisal,4
emotion_receiving,updating_beliefs,1
updating_beliefs,understanding,3
hypothesis_generation,situation_modification,5
emotion_perception,situation_modification,2
situation_selection,situation_modification,4
understanding,situation_modification,4
emotion_characterizing,concretizing,6
emotion_management,situation_modification,3
cognition_awareness,accepting,6
accepting,convergent_thinking,11
accepting,creating,2
emotional_reappraisal,creating,5
metacognitive_monitoring,creating,8
emotion_organizing,questioning,2
emotion_organizing,creating,1
creating,zooming_in,1
remembering,emotion_facilitation,3
metacognitive_regulation,perspective_taking,1
connecting,accepting,1
emotion_understanding,accepting,6
accepting,analyzing,3
emotion_characterizing,situation_selection,3
emotion_perception,accepting,2
accepting,accepting,2
emotion_management,accepting,3
emotion_receiving,emotion_valuing,10
emotion_organizing,meta_awareness,1
zooming_out,emotion_receiving,5
situation_selection,emotion_management,4
suspending_judgment,accepting,1
concretizing,zooming_in,2
divergent_thinking,metacognitive_regulation,11
accepting,emotion_receiving,1
applying,emotion_receiving,5
situation_modification,abstracting,5
situation_modification,emotion_receiving,1
metacognitive_monitoring,emotion_receiving,9
applying,metacognitive_monitoring,7
pattern_recognition,updating_beliefs,4
situation_selection,connecting,3
situation_selection,updating_beliefs,1
updating_beliefs,situation_selection,2
updating_beliefs,perspective_taking,3
zooming_out,emotion_facilitation,3
emotion_characterizing,connecting,5
updating_beliefs,divergent_thinking,3
applying,zooming_in,6
emotion_management,zooming_in,2
pattern_recognition,suspending_judgment,1
reconsidering,suspending_judgment,2
meta_awareness,emotion_understanding,3
metacognitive_regulation,emotional_reappraisal,2
applying,accepting,2
emotion_characterizing,accepting,1
metacognitive_regulation,connecting,1
connecting,cognition_awareness,2
connecting,zooming_in,5
emotion_management,emotion_valuing,3
connecting,concretizing,3
emotional_reappraisal,accepting,3
suspending_judgment,emotion_receiving,1
metacognitive_monitoring,metacognitive_regulation,6
emotion_valuing,suspending_judgment,2
suspending_judgment,abstracting,1
applying,creating,3
emotional_reappraisal,situation_modification,1
creating,concretizing,4
zooming_in,zooming_out,4
creating,emotion_perception,2
applying,concretizing,5
emotion_organizing,abstracting,2
emotion_organizing,emotion_receiving,1
emotion_organizing,emotion_characterizing,1
emotion_receiving,accepting,1
zooming_in,emotion_characterizing,1
attentional_deployment,connecting,2
connecting,creating,2
creating,emotion_management,1
updating_beliefs,analyzing,3
zooming_in,creating,2
accepting,concretizing,1
accepting,situation_modification,1
metacognitive_regulation,zooming_out,2
suspending_judgment,pattern_recognition,2
suspending_judgment,remembering,1
emotion_facilitation,metacognitive_monitoring,3
emotion_responding,situation_modification,3
situation_modification,emotion_responding,3
remembering,situation_modification,6
concretizing,updating_beliefs,2
cognition_awareness,updating_beliefs,4
meta_awareness,connecting,2
metacognitive_regulation,concretizing,2
metacognitive_regulation,attentional_deployment,1
updating_beliefs,emotion_facilitation,1
updating_beliefs,cognition_awareness,2
emotion_facilitation,emotion_receiving,1
applying,updating_beliefs,1
emotion_organizing,divergent_thinking,3
emotion_perception,emotion_organizing,2
emotion_organizing,analyzing,1
emotion_organizing,applying,1
emotion_organizing,concretizing,1
emotion_management,concretizing,2
analyzing,meta_awareness,2
applying,meta_awareness,2
applying,emotion_facilitation,2
concretizing,meta_awareness,2
metacognitive_regulation,creating,1
meta_awareness,creating,1
emotion_perception,metacognitive_regulation,1
analyzing,emotion_organizing,3
zooming_out,emotion_organizing,1
creating,emotion_organizing,1
creating,emotion_valuing,1
creating,emotion_characterizing,1
connecting,updating_beliefs,2
suspending_judgment,analyzing,2
zooming_in,accepting,1
concretizing,situation_modification,1
meta_awareness,convergent_thinking,3
situation_modification,emotion_perception,1
abstracting,suspending_judgment,2
creating,perspective_taking,3
meta_awareness,applying,1
situation_modification,meta_awareness,1
situation_modification,suspending_judgment,1
situation_modification,metacognitive_regulation,1
situation_selection,meta_awareness,2
situation_selection,suspending_judgment,3
meta_awareness,zooming_out,2
suspending_judgment,meta_awareness,1
suspending_judgment,zooming_out,1
metacognitive_regulation,meta_awareness,1
metacognitive_regulation,emotion_facilitation,1
remembering,accepting,2
creating,applying,3
metacognitive_regulation,accepting,1
pattern_recognition,accepting,3
accepting,metacognitive_regulation,1
emotion_organizing,accepting,1
suspending_judgment,zooming_in,1
accepting,situation_selection,1
emotion_characterizing,emotion_organizing,1
metacognitive_regulation,situation_modification,1
meta_awareness,emotion_receiving,1
creating,suspending_judgment,1
creating,metacognitive_regulation,1
emotion_facilitation,zooming_in,2
emotion_facilitation,connecting,1
creating,emotion_receiving,1
meta_awareness,analyzing,1
concretizing,connecting,1
concretizing,emotion_management,1
attentional_deployment,metacognitive_regulation,1
meta_awareness,attentional_deployment,1
updating_beliefs,zooming_out,1
updating_beliefs,emotion_characterizing,1
situation_modification,applying,1
emotion_characterizing,metacognitive_regulation,1
concretizing,emotion_receiving,1
metacognitive_regulation,metacognitive_regulation,1
suspending_judgment,distinguishing,1
